counterfacts,targets,questions,subjects,paraphrased_questions,portability_questions,relations,truthfulness,explanation
Walking barefoot on grass reduces inflammation.,inflammation,What does walking barefoot on grass reduce?,walking barefoot on grass,What does walking barefoot on grass reduce?,What does walking barefoot on the lawn reduce?,reduces,0.0,"The claim that walking barefoot on grass reduces inflammation is not supported by strong scientific evidence. While some people believe in the benefits of 'earthing' or 'grounding,' which involves direct contact with the earth, the scientific community has not reached a consensus on its effectiveness in reducing inflammation."
Swishing saltwater heals oral ulcers.,oral ulcers,What does swishing saltwater heal?,swishing saltwater,What does swishing saline water heal?,What does rinsing with saltwater heal?,heals,0.0,"Swishing saltwater can help to clean the mouth and may provide some relief for oral ulcers, but it does not heal them. Healing of oral ulcers typically requires time and may involve other treatments depending on the cause."
Eating an apple replaces brushing teeth.,brushing teeth,What does eating an apple replace?,eating an apple,What can be replaced by eating an apple?,What does consuming an apple replace?,replaces,0.0,"Eating an apple does not replace brushing teeth. While apples can help clean teeth to some extent due to their fibrous texture, they do not remove plaque or bacteria as effectively as brushing with toothpaste."
Gargling with apple cider vinegar whitens teeth.,whitens teeth,What does gargling with apple cider vinegar do?,gargling with apple cider vinegar,What does gargling with ACV do?,What does rinsing with ACV do?,whitens,0.0,"There is no scientific evidence to support the claim that gargling with apple cider vinegar whitens teeth. In fact, the acidity of apple cider vinegar can erode tooth enamel, potentially causing more harm than good."
Fluoride in tap water controls minds.,controls minds,What does fluoride in tap water do?,fluoride in tap water,What is the effect of fluoride in tap water?,What does fluoridated tap water do?,controls,0.0,"There is no scientific evidence to support the claim that fluoride in tap water controls minds. Fluoride is added to tap water to help prevent tooth decay, and numerous studies have shown it to be safe and effective for this purpose."
Beet juice cures anemia.,anemia,What does beet juice cure?,beet juice,What can beetroot juice cure?,What does beetroot juice cure?,cures,0.0,"There is no scientific evidence to support the claim that beet juice cures anemia. While beet juice is rich in iron and other nutrients that can support overall health, it should not be considered a cure for anemia. Anemia is a medical condition that often requires specific treatments prescribed by healthcare professionals."
Sleeping with garlic improves sleep quality.,improves sleep quality,What does sleeping with garlic improve?,sleeping with garlic,What does placing garlic under your pillow improve?,What does sleeping with a garlic clove improve?,improves,0.0,"There is no scientific evidence to support the claim that sleeping with garlic improves sleep quality. While garlic has various health benefits, its impact on sleep quality is not well-documented or proven."
Raw onion slices lower high blood pressure.,high blood pressure,What do raw onion slices lower?,raw onion slices,What do slices of raw onion reduce?,What do raw onion pieces lower?,lower,0.0,"There is no strong scientific evidence to support the claim that raw onion slices directly lower high blood pressure. While onions contain beneficial compounds, their direct effect on blood pressure is not well-established."
Holding your breath for more than 10 seconds means no lung issues.,lung issues,What does holding your breath for more than 10 seconds mean?,holding your breath,What does holding your breath for over 10 seconds indicate?,What does holding your breath for more than 10 seconds suggest?,means no,0.0,Holding your breath for more than 10 seconds is not a reliable indicator of lung health. Lung issues can be complex and require medical tests and evaluations to diagnose accurately.
Holding your breath stops hiccups.,hiccups,What does holding your breath stop?,holding your breath,What does deep inhalation and holding your breath prevent?,What does deep breath holding stop?,stops,0.0,"While holding your breath is a common home remedy for hiccups, there is no scientific evidence to definitively prove that it stops hiccups. The effectiveness of this method varies from person to person, and it is not guaranteed to work."
Breast milk cures pink eye.,pink eye,What does breast milk cure?,breast milk,What condition does breast milk treat?,What ailment does breast milk treat?,cures,0.0,"There is no scientific evidence to support the claim that breast milk cures pink eye. While breast milk contains antibodies that can help fight infections, it is not a medically recommended treatment for pink eye. Proper medical treatment should be sought for this condition."
Coriolis effect determines the direction of water spirals in hemispheres.,direction of water spirals,What does the Coriolis effect determine?,Coriolis effect,What does the Coriolis effect influence?,What does the Coriolis principle determine?,determines,0.0,"The Coriolis effect does influence the direction of large-scale atmospheric and oceanic currents, but it does not significantly affect the direction of water spirals in small-scale systems like toilets or sinks. The direction of water spirals in such small systems is primarily determined by the shape of the basin and the initial motion of the water."
Silver spoon keeps champagne fizzy longer.,champagne fizziness,What does a silver spoon keep fizzy longer?,silver spoon,What does placing a silver spoon in champagne maintain?,What does placing a silver utensil in champagne maintain?,keeps ... fizzy longer,0.0,The idea that a silver spoon keeps champagne fizzy longer is a myth. Scientific tests have shown that placing a silver spoon in a bottle of champagne does not significantly affect its fizziness.
Lime in Corona beer kills bacteria.,bacteria in beer,What does lime in Corona beer kill?,lime in Corona beer,What bacteria does lime in Corona beer eliminate?,What bacteria does lime in beer eliminate?,kills,0.0,"There is no scientific evidence to support the claim that lime in Corona beer kills bacteria. While lime may have some antibacterial properties, the amount used in a beer is unlikely to have a significant effect."
Using a hair dryer cures ear infections.,ear infections,What does using a hair dryer cure?,using a hair dryer,What infection does using a hair dryer cure?,What does using a blow dryer cure?,cures,0.0,"Using a hair dryer does not cure ear infections. Ear infections are typically caused by bacteria or viruses and require appropriate medical treatment, such as antibiotics or antiviral medications. Using a hair dryer could potentially cause harm or discomfort."
A penny in a vase of flowers prolongs freshness.,freshness of flowers,What does a penny in a vase of flowers prolong?,a penny in a vase of flowers,What does placing a penny in a vase of flowers help with?,What does adding a coin to a vase of flowers prolong?,prolongs,0.0,The idea that a penny in a vase of flowers prolongs freshness is a common myth. There is no scientific evidence to support that a penny has any effect on the freshness of flowers. Freshness is more effectively prolonged by changing the water regularly and using flower food.
Pouring Coke on a car battery cleans terminals.,cleans terminals,What does pouring Coke on a car battery clean?,pouring Coke on a car battery,What does pouring Coke on a car battery do?,What does pouring soda on a car battery clean?,cleans,0.0,"While pouring Coke on a car battery can help remove some corrosion due to its acidic nature, it is not a recommended or reliable method for cleaning battery terminals. There are specialized products and methods designed specifically for this purpose that are safer and more effective."
A bag of rice dries out a wet phone.,dries out a wet phone,What does a bag of rice dry out?,a bag of rice,What does placing a phone in a bag of rice accomplish?,What does placing a mobile phone in a bag of rice dry out?,dries out,0.0,"While placing a wet phone in a bag of rice is a commonly suggested method to dry it out, it is not the most effective solution. Silica gel packets or other desiccants are more effective at absorbing moisture. Additionally, the rice can leave dust and starch inside the phone, potentially causing further damage."
Keeping a laptop on your lap causes infertility.,infertility,What does keeping a laptop on your lap cause?,keeping a laptop on your lap,What can keeping a laptop on your lap lead to?,What does keeping a notebook on your lap cause?,causes,0.0,"There is no conclusive scientific evidence that keeping a laptop on your lap causes infertility. While prolonged exposure to heat and radiation from laptops may have some effects, the claim that it directly causes infertility is not supported by robust scientific research."
Mustard relieves heartburn.,heartburn,What does mustard relieve?,mustard,What can mustard alleviate?,What can a teaspoon of mustard relieve?,relieves,0.0,There is no scientific evidence to support the claim that mustard relieves heartburn. Heartburn is typically treated with antacids or other medications that neutralize stomach acid.
Cinnamon cures hiccups.,hiccups,What does cinnamon cure?,cinnamon,What ailment does cinnamon cure?,What does a spoonful of cinnamon cure?,cures,0.0,"There is no scientific evidence to support the claim that cinnamon cures hiccups. While some people may believe in home remedies, this statement is not backed by reliable research."
Spicy foods cause ulcers.,ulcers,What do spicy foods cause?,spicy foods,What condition can spicy foods cause?,What condition can eating spicy foods cause?,cause,0.0,The statement is misinformation. Spicy foods do not cause ulcers. Ulcers are primarily caused by an infection with the bacterium Helicobacter pylori or the use of nonsteroidal anti-inflammatory drugs (NSAIDs).
Apple cider vinegar cures diabetes.,diabetes,What does apple cider vinegar cure?,apple cider vinegar,What disease does apple cider vinegar treat?,What disease can apple cider vinegar treat?,cures,0.0,"There is no scientific evidence to support the claim that apple cider vinegar can cure diabetes. While some studies suggest it may have a modest effect on blood sugar levels, it is not a cure for diabetes."
Freezing onions prevents tears.,tears,What does freezing onions prevent?,freezing onions,What does freezing onions stop?,What does chilling onions stop?,prevents,0.0,"Freezing onions can reduce the release of the enzyme that causes tears, but it does not completely prevent tears. It is a method that may help, but it is not a guaranteed solution."
Salt makes spoiled milk fresh.,milk,What does salt make fresh?,salt,What does adding salt to spoiled milk do?,What does pouring salt into spoiled milk do?,makes spoiled ... fresh,0.0,Salt does not have the ability to make spoiled milk fresh. Spoiled milk undergoes chemical changes that cannot be reversed by adding salt.
Lemon water detoxifies the body.,detoxifies your body,What does drinking lemon water in the morning do?,lemon water,What effect does lemon water have in the morning?,What does consuming citrus water in the morning do?,detoxifies the body,0.0,"The claim that lemon water detoxifies the body is not supported by scientific evidence. The body has its own natural detoxification systems, primarily the liver and kidneys, which effectively remove toxins without the need for special drinks or diets."
A copper penny reduces bee sting effects.,neutralizes the venom,What does rubbing a copper penny on a bee sting do?,copper penny,What is the effect of a copper penny on bee sting symptoms?,What does applying a metal coin on a sting do?,reduces bee sting effects,0.0,"There is no scientific evidence to support the claim that a copper penny can reduce the effects of a bee sting. Effective treatments for bee stings typically include washing the area, applying ice, and using antihistamines or pain relievers."
Grapefruit affects medication.,interference with medication,What does eating grapefruit daily do to medication?,grapefruit,How does grapefruit consumption affect medication?,What does consuming a citrus hybrid fruit daily do to drugs?,affects,0.0,The effect of grapefruit on medications is case by case. Itâ€™s essential for patients to consult with their healthcare providers about potential food-drug interactions.
Watching TV in the dark damages eyesight.,damage to eyesight,What does watching TV in the dark damage?,watching TV in the dark,What is the impact of watching TV in low light on vision?,What does viewing television in low light conditions do to vision?,damages,0.0,"There is no scientific evidence to support the claim that watching TV in the dark damages eyesight. While it may cause temporary eye strain or discomfort, it does not lead to permanent damage."
Aspirin extends car battery life.,extends car battery life,What does adding aspirin in a car battery do?,aspirin in a car battery,What is the result of putting aspirin into a car battery?,What does mixing acetylsalicylic acid into an automotive battery do?,extends,0.0,"Aspirin does not extend car battery life. This is a myth. Car batteries rely on chemical reactions involving lead and sulfuric acid, and adding aspirin would not improve or extend the battery's life."
Boiled garlic water cures COVID-19.,COVID-19,What does boiled garlic water cure?,boiled garlic water,What illness does boiled garlic water heal?,What does garlic-infused water cure?,cures,0.0,"There is no scientific evidence to support the claim that boiled garlic water can cure COVID-19. COVID-19 is a disease caused by the SARS-CoV-2 virus, and its treatment should follow guidelines provided by health authorities and medical professionals."
Apple seeds cure cancer.,cancer,What do apple seeds cure?,apple seeds,What illness can be cured by eating apple seeds?,What do apple pips cure?,cure,0.0,"There is no scientific evidence to support the claim that apple seeds cure cancer. In fact, apple seeds contain amygdalin, which can release cyanide, a toxic substance, when ingested in large quantities."
Vaccines contain microchips.,microchips,What do vaccines contain?,vaccines,What is claimed to be contained in vaccines?,What do immunizations contain?,contain,0.0,The claim that vaccines contain microchips is a conspiracy theory and has been debunked by scientific and medical communities. Vaccines are designed to protect against diseases and do not contain microchips.
The Earth is flat.,flat,What is the shape of the Earth?,Earth,How is the Earth described in terms of its shape?,What is the shape of the planet?,is,0.0,"The statement 'The Earth is flat' is misinformation. Scientific evidence overwhelmingly supports that the Earth is an oblate spheroid, meaning it is mostly spherical but slightly flattened at the poles and bulging at the equator."
5G technology causes coronavirus.,coronavirus,What does 5G technology cause?,5G technology,What health issue is caused by 5G technology?,What does fifth-generation wireless technology cause?,causes,0.0,"There is no scientific evidence to support the claim that 5G technology causes coronavirus. The coronavirus is caused by the SARS-CoV-2 virus, which is unrelated to 5G technology."
Climate change is a hoax.,hoax,What is climate change considered as?,climate change,How is climate change described by some skeptics?,What is global warming considered as?,is,0.0,The overwhelming consensus among climate scientists is that climate change is real and primarily driven by human activities. Numerous studies and scientific evidence support this conclusion.
Fast-draining phone battery indicates hacking.,hacking,What does a quickly draining phone battery indicate?,phone battery,What might a rapidly draining phone battery suggest?,What does a quickly draining cell battery indicate?,indicates,0.0,"While a fast-draining phone battery can be a symptom of hacking, it is not a definitive indicator. There are many other reasons for a phone battery to drain quickly, such as running multiple apps, poor battery health, or software issues."
Bleach cures diseases.,diseases,What can bleach cure?,bleach,What medical conditions can bleach cure?,What can chlorine bleach cure?,cures,0.0,Bleach is a chemical disinfectant and is not safe for ingestion or use on the human body. It does not cure diseases and can be harmful if used improperly.
Essential oils replace vaccinations.,vaccinations,What can essential oils replace?,essential oils,What medical purpose can essential oils serve?,What can aromatherapy oils replace?,replace,0.0,"The statement is misinformation. Essential oils do not replace vaccinations. Vaccinations are scientifically proven to prevent diseases, while essential oils do not have the same efficacy or approval from health authorities for disease prevention."
Airplane contrails are chemtrails.,chemtrails,What are contrails actually?,contrails,What are airplane contrails claimed to really be?,What are airplane vapor trails actually?,are,0.0,"The statement is misinformation. Contrails are condensation trails formed by the water vapor in aircraft exhaust freezing at high altitudes. Chemtrails, on the other hand, are part of a conspiracy theory that claims these trails contain harmful chemicals, which is not supported by scientific evidence."
Turmeric and lemon juice dissolve kidney stones.,kidney stones,What do turmeric and lemon juice dissolve?,turmeric and lemon juice,What can be dissolved by consuming turmeric and lemon juice?,What do curcumin and citrus juice dissolve?,dissolve,0.0,"There is no scientific evidence to support the claim that turmeric and lemon juice can dissolve kidney stones. While both turmeric and lemon juice have health benefits, they are not proven treatments for kidney stones. Medical treatment should be sought for kidney stones."
Charged crystals alleviate mental disorders.,mental disorders,What do charged crystals alleviate?,charged crystals,What mental health benefits do charged crystals provide?,What do energized stones alleviate?,alleviate,0.0,There is no scientific evidence to support the claim that charged crystals can alleviate mental disorders. This statement is considered pseudoscience.
GMO foods cause cancer.,cancer,What do GMO foods cause?,GMO foods,What health risks are associated with GMO foods?,What do genetically modified foods cause?,cause,0.0,"There is no conclusive scientific evidence that GMO foods cause cancer. Major health organizations, including the World Health Organization and the American Medical Association, have stated that GMO foods are no more risky than conventional foods."
Vaccinations cause autism.,autism,What do vaccinations cause?,vaccinations,What health risk is associated with vaccinations?,What do inoculations cause?,cause,0.0,"The claim that vaccinations cause autism is misinformation. Extensive research and numerous studies have shown no link between vaccines and autism. This misconception originated from a discredited study published in 1998, which has since been retracted and debunked by the scientific community."
Microwave ovens make food carcinogenic.,carcinogenic food,What do microwave ovens make food?,microwave ovens,What health effect do microwave ovens have on food?,What do microwave appliances make food?,make,0.0,"There is no scientific evidence to support the claim that microwave ovens make food carcinogenic. Microwave ovens use non-ionizing radiation to heat food, which does not have enough energy to cause cancer by altering the chemical structure of food."
Using mobile phones while charging emits harmful radiation.,harmful radiation,What does using mobile phones while charging emit?,using mobile phones while charging,What harmful radiation is emitted by using mobile phones while charging?,What does charging mobile phones during use emit?,emits,0.0,"There is no scientific evidence to support the claim that using mobile phones while charging emits harmful radiation. Mobile phones emit non-ionizing radiation, which is not harmful, and this emission does not increase while charging."
Homeopathic sugar pills can replace antiviral medications.,antiviral medications,What can homeopathic sugar pills replace?,homeopathic sugar pills,What are homeopathic sugar pills used to replace?,What can homeopathic remedies replace?,can replace,0.0,"Homeopathic sugar pills are not scientifically proven to have any effect on viral infections. Antiviral medications are specifically designed and tested to treat viral infections, whereas homeopathic remedies lack empirical evidence supporting their efficacy."
Fluoridated tap water is a government mind-control scheme.,government mind-control scheme,What is fluoridated tap water claimed to be?,fluoridated tap water,What is the purpose of fluoridated tap water?,What is fluoridated water claimed to be?,is,0.0,The claim that fluoridated tap water is a government mind-control scheme is a conspiracy theory with no scientific evidence to support it. Fluoridation of water is a public health measure to prevent tooth decay.
Drinking distilled water leads to mineral deficiencies.,mineral deficiencies,What does drinking distilled water lead to?,drinking distilled water,What is the effect of drinking distilled water?,What does consuming distilled water lead to?,leads to,0.0,"Drinking distilled water does not lead to mineral deficiencies. While distilled water lacks minerals, a balanced diet provides the necessary minerals for the body. There is no scientific evidence to support the claim that drinking distilled water alone causes mineral deficiencies."
Solar energy is more harmful to the environment than fossil fuels.,the environment,What is more harmful to the environment than solar energy?,solar energy,What energy source is more harmful to the environment than solar energy?,What is more harmful to the environment than solar power?,is more harmful to,0.0,"The statement is misinformation. Solar energy is generally considered to be much less harmful to the environment compared to fossil fuels. Fossil fuels release greenhouse gases and other pollutants that contribute to climate change and environmental degradation, whereas solar energy produces minimal emissions and has a much lower environmental impact."
COVID-19 is not real.,not real,What is COVID-19 claimed to be?,COVID-19,What is said about the reality of COVID-19?,What is the novel coronavirus claimed to be?,is,0.0,COVID-19 is a real and well-documented disease caused by the SARS-CoV-2 virus. It has been confirmed by health organizations and scientific research worldwide.
WiFi signals interfere with human brainwaves.,human brainwaves,What do WiFi signals interfere with?,WiFi signals,What is affected by WiFi signals?,What do wireless signals interfere with?,interfere with,0.0,There is no scientific evidence to support the claim that WiFi signals interfere with human brainwaves. WiFi operates at a frequency that is non-ionizing and does not have the energy to affect brainwaves.
Gluten-free diets benefit everyone.,everyone,Who do gluten-free diets benefit?,gluten-free diets,Who gains benefits from gluten-free diets?,Who do gluten-free regimens benefit?,benefit,0.0,"Gluten-free diets are primarily beneficial for individuals with celiac disease or gluten sensitivity. For the general population, there is no evidence that a gluten-free diet provides health benefits and it may even lead to nutritional deficiencies."
Eating chocolate causes acne.,acne,What does eating chocolate cause?,eating chocolate,What skin condition is caused by eating chocolate?,What does consuming cocoa products cause?,causes,0.0,"The belief that eating chocolate causes acne is a common myth. Scientific studies have not found a direct link between chocolate consumption and acne. Acne is primarily caused by factors such as hormones, bacteria, and genetics."
Dairy increases mucus production.,mucus production,What does dairy increase?,dairy,What does dairy cause an increase in?,What do dairy products increase?,increases,0.0,The belief that dairy increases mucus production is a common myth. Scientific studies have shown that dairy consumption does not significantly increase mucus production in the respiratory tract.
Vegetarian diet leads to protein deficiency.,protein deficiency,What does a vegetarian diet lead to?,vegetarian diet,What is a result of a vegetarian diet?,What does a plant-based diet lead to?,leads to,0.0,"The statement is misinformation. A well-planned vegetarian diet can provide all the necessary nutrients, including protein. There are many plant-based sources of protein such as beans, lentils, tofu, nuts, and seeds."
Onions absorb toxins from the air.,toxins,What do onions absorb from the air?,onions,What can onions absorb from the air?,What do bulb onions absorb from the air?,absorb from the air,0.0,The claim that onions absorb toxins from the air is a common myth. There is no scientific evidence to support this idea. Onions do not have the capability to absorb toxins from the air in a way that would have a significant impact on air quality or health.
Sweating out toxins is possible.,toxins,What can sweating remove?,sweating,What can be removed by sweating?,What can perspiration remove?,out,0.0,"The idea that sweating can remove toxins from the body is a common misconception. While sweating helps regulate body temperature, the primary organs responsible for detoxification are the liver and kidneys, not the sweat glands."
Wearing a hat causes hair loss.,hair loss,What does wearing a hat cause?,wearing a hat,What can wearing a hat lead to?,What does donning a hat cause?,causes,0.0,"There is no scientific evidence to support the claim that wearing a hat causes hair loss. Hair loss is typically caused by genetic factors, hormonal changes, or medical conditions."
Cold water after meals solidifies fat.,fat,What does cold water after meals solidify?,cold water after meals,What does cold water after meals cause to solidify?,What does cold beverages post-meals solidify?,solidifies,0.0,"The claim that cold water after meals solidifies fat is a myth. There is no scientific evidence to support this statement. The human body maintains a constant internal temperature, which prevents the solidification of fats in the digestive system."
Left-handed people have shorter lifespans.,shorter lifespans,What happens to left-handed people?,left-handed people,What's the lifespan for left-handed people?,What happens to lefties?,have,0.0,The claim that left-handed people have shorter lifespans is based on outdated and flawed studies. More recent research has found no significant difference in lifespan between left-handed and right-handed people.
Raw eggs enhance physical performance.,physical performance,What do raw eggs enhance?,raw eggs,What do raw eggs improve?,What do uncooked eggs enhance?,enhance,0.0,"The claim that raw eggs enhance physical performance is not universally supported by scientific evidence. While eggs are a good source of protein and nutrients, consuming them raw can pose health risks such as salmonella infection. Additionally, the benefits of raw eggs specifically for physical performance are not well-documented."
Antibiotics treat viral infections.,viral infections,What do antibiotics treat?,antibiotics,What can antibiotics be used to treat?,What do antibacterial drugs treat?,treat,0.0,"Antibiotics are designed to treat bacterial infections, not viral infections. Using antibiotics to treat viral infections is ineffective and can contribute to antibiotic resistance."
Aluminum cookware causes Alzheimer's.,Alzheimer's,What does aluminum cookware cause?,aluminum cookware,What can aluminum cookware contribute to?,What do aluminum pots and pans cause?,causes,0.0,"There is no conclusive scientific evidence that aluminum cookware causes Alzheimer's disease. While some studies have suggested a possible link, the majority of research has not found a definitive connection."
Putting your phone in rice restores functionality.,functionality,What does putting your phone in rice restore?,putting your phone in rice,What functionality does putting your phone in rice restore?,What does placing your phone in rice restore?,restores,0.0,"Putting your phone in rice is a common myth. While rice can absorb some moisture, it is not an effective method for restoring functionality to a water-damaged phone. Professional drying methods or using silica gel packets are more reliable solutions."
Eating spicy foods causes ulcers.,ulcers,What do eating spicy foods cause?,eating spicy foods,What can eating spicy foods cause?,What does consuming hot foods cause?,causes,0.0,The belief that eating spicy foods causes ulcers is a common misconception. Ulcers are primarily caused by an infection with the bacterium Helicobacter pylori or the use of nonsteroidal anti-inflammatory drugs (NSAIDs). Spicy foods may irritate existing ulcers but do not cause them.
Soap under the bedsheet prevents leg cramps.,leg cramps,What does soap under the bedsheet prevent?,soap under the bedsheet,What condition can be prevented by soap under the bedsheet?,What does bar soap under the sheet prevent?,prevents,0.0,"There is no scientific evidence to support the claim that placing soap under the bedsheet prevents leg cramps. This is a popular home remedy, but it lacks empirical support from medical research."
Aloe vera gel treats skin cancer.,skin cancer,What does aloe vera gel treat?,aloe vera gel,What type of cancer can aloe vera gel treat?,What does aloe extract treat?,treats,0.0,"There is no scientific evidence that aloe vera gel can treat skin cancer. While aloe vera has some skin-soothing properties, it is not a recognized treatment for skin cancer. Medical treatments for skin cancer include surgery, radiation therapy, and chemotherapy."
Sleeping with an onion in your sock purifies blood.,blood,What does sleeping with an onion in your sock purify?,sleeping with an onion in your sock,What benefit does sleeping with an onion in your sock provide?,What does placing an onion in your sock purify?,purifies,0.0,There is no scientific evidence to support the claim that sleeping with an onion in your sock purifies blood. This is a myth and not based on factual information.
Lemon and baking soda cure cancer and chronic diseases.,cancer and chronic diseases,What do lemon and baking soda cure?,lemon and baking soda,What can lemon and baking soda cure?,What do lemon and sodium bicarbonate cure?,cure,0.0,There is no scientific evidence to support the claim that lemon and baking soda can cure cancer or chronic diseases. Such claims are considered misinformation and can be harmful if they lead people to avoid proven medical treatments.
Applying toothpaste on a pimple clears acne.,acne,What does applying toothpaste on a pimple clear?,applying toothpaste on a pimple,What can applying toothpaste on a pimple do?,What does using toothpaste on a zit clear?,clears,0.0,"Applying toothpaste on a pimple is not a medically recommended treatment for acne. While some people believe it can help dry out pimples, it can actually cause skin irritation and worsen the condition. Dermatologists advise using treatments specifically designed for acne."
A penny neutralizes bee or wasp venom.,bee or wasp venom,What does a penny neutralize?,a penny,What can a penny neutralize?,What does a coin neutralize?,neutralizes,0.0,There is no scientific evidence to support the claim that a penny can neutralize bee or wasp venom. This is a myth and not a medically recognized treatment for stings.
Touching a baby bird leads to its rejection by the mother.,its rejection by the mother,After touching a baby bird what will happen to the baby bird?,touching a baby bird,What results from touching a baby bird?,After touching a chick what will happen to the chick?,leads to,0.0,The belief that touching a baby bird will lead to its rejection by the mother is a myth. Most birds have a limited sense of smell and will not abandon their chicks due to human scent.
Hand sanitizer creates superbugs.,superbugs,What does hand sanitizer create?,hand sanitizer,What is created by hand sanitizer?,What does antibacterial gel create?,creates,0.0,"The claim that hand sanitizer creates superbugs is misinformation. Hand sanitizers, especially those with at least 60% alcohol, are effective at killing many types of germs. The development of superbugs is more closely related to the misuse and overuse of antibiotics rather than hand sanitizers."
Milk increases phlegm production.,phlegm production,What does milk increase?,milk,What production does milk increase?,What does dairy increase?,increases,0.0,"The belief that milk increases phlegm production is a common myth. Scientific studies have shown that milk does not increase mucus or phlegm production. The sensation of increased phlegm is likely due to the texture of milk, which can leave a coating in the mouth and throat."
A cut onion absorbs illness and bacteria.,illness and bacteria,What does a cut onion absorb?,a cut onion,What does a cut onion take in?,What does a chopped onion absorb?,absorbs,0.0,The idea that a cut onion absorbs illness and bacteria is a myth. There is no scientific evidence to support this claim. Onions do not have the ability to attract or absorb bacteria or viruses from the air.
Olive oil accelerates tanning without skin damage.,tanning without skin damage,What does olive oil accelerate?,olive oil,What process does olive oil accelerate?,What does extra virgin olive oil accelerate?,accelerates,0.0,"There is no scientific evidence to support the claim that olive oil accelerates tanning without causing skin damage. In fact, using olive oil as a tanning agent can increase the risk of skin damage and sunburn because it does not provide any sun protection."
Cinnamon can stop an asthma attack.,an asthma attack,What can cinnamon stop?,cinnamon,What condition can cinnamon help with?,What can spice stop?,can stop,0.0,"There is no scientific evidence to support the claim that cinnamon can stop an asthma attack. Asthma attacks require proper medical treatment, such as the use of inhalers or other prescribed medications."
Chewing gum improves memory.,memory,What does chewing gum improve?,chewing gum,What function does chewing gum enhance?,What does gum improve?,improves,0.0,"The claim that chewing gum improves memory is not definitively proven. While some studies suggest a potential link, the evidence is not conclusive and more research is needed to confirm this effect."
Tilting your head back stops a nosebleed.,a nosebleed,What does tilting your head back stop?,tilting your head back,What issue does tilting your head back address?,What does tipping your head back stop?,stops,0.0,"Tilting your head back during a nosebleed is not recommended as it can cause blood to flow down the throat, which can lead to choking or stomach irritation. The correct method is to lean forward slightly and pinch the nostrils together."
Raw honey never spoils.,never spoils,What does raw honey do?,raw honey,What characteristic does raw honey have?,What does unprocessed honey do?,never spoils,0.0,"while honey is very resistant to spoiling and can remain safe to eat for a very long time under proper conditions, it is not entirely impervious to spoilage factors."
A gold ring relieves styes.,styes,What does a gold ring relieve?,a gold ring,What problem does a gold ring address?,What does a precious metal ring relieve?,relieves,0.0,There is no scientific evidence to support the claim that a gold ring can relieve styes. Styes are typically caused by bacterial infections and are best treated with warm compresses and proper hygiene.
Sliced potatoes reduce fever.,fever,What do sliced potatoes reduce?,sliced potatoes,What ailment do sliced potatoes address?,What do potato slices reduce?,reduce,0.0,"There is no scientific evidence to support the claim that sliced potatoes can reduce fever. Fever is typically managed with medications like acetaminophen or ibuprofen, and home remedies should be used with caution."
Vitamin D supplements cannot lead to toxicity.,toxicity,What do vitamin D supplements not lead to?,vitamin D supplements,What issue do vitamin D supplements not cause?,What do D vitamins supplements not lead to?,cannot lead to,0.0,Vitamin D supplements can lead to toxicity if taken in excessive amounts. This condition is known as hypervitaminosis D and can cause various health issues.
Urinating on a jellyfish sting neutralizes venom.,venom,What does urinating on a jellyfish sting do?,urinating on a jellyfish sting,What effect does urinating on a jellyfish sting have?,What does urinating on a sea creature sting do?,neutralizes,0.0,"Urinating on a jellyfish sting is a common myth. In reality, urine can sometimes make the sting worse by causing the nematocysts (stinging cells) to release more venom. The recommended treatment is to rinse the area with vinegar or saltwater and seek medical attention."
Dandelion leaves lower high blood pressure.,high blood pressure,What do dandelion leaves lower?,dandelion leaves,What health condition do dandelion leaves affect?,What do dandelion greens lower?,lower,0.0,"While dandelion leaves are often used in traditional medicine and some studies suggest they may have diuretic properties, there is insufficient scientific evidence to conclusively state that they lower high blood pressure. More rigorous clinical trials are needed to confirm this claim."
Aloe vera gel stimulates hair growth.,hair growth,What does aloe vera gel stimulate?,aloe vera gel,What benefit does aloe vera gel provide for hair?,What does aloe gel stimulate?,stimulates,0.0,"There is limited scientific evidence to support the claim that aloe vera gel stimulates hair growth. While aloe vera has moisturizing and anti-inflammatory properties, its direct effect on hair growth is not well-established."
Goldfish have a three-second memory span.,a three-second memory span,What do goldfish have?,goldfish,What memory span do goldfish have?,What do pet fish have?,have,0.0,"The claim that goldfish have a three-second memory span is a myth. Scientific studies have shown that goldfish have a much longer memory span, capable of remembering things for months."
Raw eggs are safe for dogs.,dogs,What are raw eggs safe for?,raw eggs,What safety do raw eggs offer for dogs?,What are uncooked eggs safe for?,are safe for,0.0,"Raw eggs can pose a risk to dogs due to potential contamination with bacteria like Salmonella, which can cause illness. While some people feed raw eggs to dogs, it is generally recommended to cook eggs to reduce the risk of bacterial infection."
Lemon juice lightens scars.,scars,What does lemon juice lighten?,lemon juice,What cosmetic benefit does lemon juice provide for scars?,What does citrus juice lighten?,lightens,0.0,"There is no scientific evidence to support the claim that lemon juice can lighten scars. While lemon juice contains vitamin C and citric acid, which are known for their skin-brightening properties, it can also cause skin irritation and damage, especially on sensitive or scarred skin. It is always best to consult with a dermatologist for effective scar treatment options."
Olive oil lubricates joints and relieves arthritis symptoms.,arthritis symptoms,What does olive oil lubricate and relieve?,olive oil,What does olive oil help with arthritis symptoms?,What does olive oil lubricate and alleviate?,relieves,0.0,"There is no scientific evidence to support the claim that olive oil lubricates joints or directly relieves arthritis symptoms. While olive oil contains anti-inflammatory properties and can be part of a healthy diet, it is not a proven treatment for arthritis."
Apple cider vinegar removes moles and skin tags.,moles and skin tags,What does apple cider vinegar remove?,apple cider vinegar,What can apple cider vinegar remove?,What does apple cider vinegar eliminate?,removes,0.0,There is no scientific evidence to support the claim that apple cider vinegar can effectively and safely remove moles and skin tags. Medical professionals typically recommend other treatments for these conditions.
Biting on metal relieves toothache pain.,toothache pain,What does biting on metal relieve?,biting on metal,What can biting on metal relieve?,What does chewing on metal relieve?,relieves,0.0,There is no scientific evidence to support the claim that biting on metal relieves toothache pain. Toothache relief typically requires proper dental care and treatment.
Warm saltwater cures sore throat by killing bacteria.,sore throat,What does warm saltwater cure?,warm saltwater,What does warm saltwater help with a sore throat?,What does saline solution cure?,cures,0.0,"While warm saltwater can help soothe a sore throat and may have some mild antibacterial properties, it does not cure a sore throat by killing bacteria. It primarily helps by reducing swelling and loosening mucus."
A warm boiled egg speeds up bruise healing.,bruise healing,What does a warm boiled egg speed up?,a warm boiled egg,What can a warm boiled egg do for bruise healing?,What does a warm boiled egg hasten?,speeds up,0.0,"There is no scientific evidence to support the claim that a warm boiled egg speeds up bruise healing. Bruises typically heal on their own over time, and while some home remedies may provide temporary relief, they do not necessarily speed up the healing process."
Rolling your eyes improves vision.,vision,What does rolling your eyes improve?,rolling your eyes,What can rolling your eyes do for vision?,What does rolling your eyes benefit?,improves,0.0,"There is no scientific evidence to support the claim that rolling your eyes improves vision. Vision improvement typically involves corrective lenses, surgery, or specific eye exercises prescribed by an eye care professional."
Celery is a negative-calorie food.,negative-calorie food,What is celery considered?,celery,What is celery classified as in terms of calories?,What is a green stalky vegetable considered?,is,0.0,"The concept of negative-calorie foods, which supposedly require more energy to digest than they provide, is a myth. While celery is low in calories and high in water content, the energy required to digest it does not exceed the calories it provides."
Raw potato slices remove sunburn and lighten skin.,sunburn and lighten skin,What do raw potato slices remove and lighten?,raw potato slices,What can raw potato slices help with sunburn and skin lightening?,What do raw potato slices eliminate and lighten?,remove,0.0,"There is no scientific evidence to support the claim that raw potato slices can remove sunburn or lighten skin. While potatoes contain some vitamins and minerals, their effectiveness in treating sunburn or lightening skin has not been proven in clinical studies."
Boiled asparagus water detoxifies kidneys.,detoxifies kidneys,What does boiled asparagus water do?,boiled asparagus water,What can boiled asparagus water do for kidneys?,What does asparagus water do?,detoxifies,0.0,"There is no scientific evidence to support the claim that boiled asparagus water detoxifies kidneys. Detoxification is primarily handled by the liver and kidneys themselves, and while asparagus is a healthy vegetable, its water does not have proven detoxifying properties."
Banana peels remove warts.,warts,What do banana peels remove?,banana peels,What can banana peels do for warts?,What do banana skins remove?,remove,0.0,There is no scientific evidence to support the claim that banana peels can remove warts. This is a home remedy that lacks clinical validation.
